marca,genero,categoria,nombre,precio,url,imagen
NUDE-PROJECT,Sin clasificar,Sudaderas,Sudadera Juicy Cherry Negra,89.0,https://nude-project.com/es/collections/sudaderas/products/sudadera-juicy-cherry-negra,https://nude-project.com/cdn/shop/files/Juicy_Hoodie_Black_back_76bd578b-6a48-4b25-bbf9-2219d4f01ae4_back_600x.jpg?v=1762259066
NUDE-PROJECT,Sin clasificar,Sudaderas,Sudadera Juicy Cherry Blanco Crema,89.0,https://nude-project.com/es/collections/sudaderas/products/sudadera-juicy-cherry-blanco-crema-1,https://nude-project.com/cdn/shop/files/Juicy_Cherry_Hoodie_front_a9939787-b2d6-4a85-ae8e-599f1dfec42c_back_600x.jpg?v=1762259094
NUDE-PROJECT,Sin clasificar,Sudaderas,Sudadera Pearl Negra,89.0,https://nude-project.com/es/collections/sudaderas/products/sudadera-pearl-negra,https://nude-project.com/cdn/shop/files/BACK_PERL_600x.jpg?v=1762944037
NUDE-PROJECT,Sin clasificar,Sudaderas,Sudadera Hot Gris,89.0,https://nude-project.com/es/collections/sudaderas/products/sudadera-gris-hot,https://nude-project.com/cdn/shop/files/HOT_HOODIE_GREY_MELANGE_back_600x.jpg?v=1744383505
NUDE-PROJECT,Sin clasificar,Sudaderas,Sudadera Hot Verde,89.0,https://nude-project.com/es/collections/sudaderas/products/sudadera-hot-verde,https://nude-project.com/cdn/shop/files/HOT_HOODIE_GREEN_back_600x.jpg?v=1755350690
NUDE-PROJECT,Sin clasificar,Sudaderas,Bear Hoodie Marshmallow,89.0,https://nude-project.com/es/collections/sudaderas/products/bear-ink-hood-color-2,https://nude-project.com/cdn/shop/files/4_bbf73534-518e-43d3-9d0a-8fe0acdd7f2b_back_600x.jpg?v=1762338889
NUDE-PROJECT,Sin clasificar,Sudaderas,Playboy Hoodie Marshmallow,99.0,https://nude-project.com/es/collections/sudaderas/products/hoodie-playboy-color-1,https://nude-project.com/cdn/shop/files/4back_eeaf5388-7e1b-408f-8781-bead06a263be_600x.jpg?v=1764937318
NUDE-PROJECT,Sin clasificar,Sudaderas,Playboy Hoodie Red,99.0,https://nude-project.com/es/collections/sudaderas/products/hoodie-playboy-color-2,https://nude-project.com/cdn/shop/files/2back_49622917-89cd-4ab3-8740-976ecbffc350_600x.jpg?v=1764937315
NUDE-PROJECT,Sin clasificar,Sudaderas,Beast Zip-up Hoodie Black,99.0,https://nude-project.com/es/collections/sudaderas/products/beast-zipper-black-fw25,https://nude-project.com/cdn/shop/files/Beast_Zip-up_Hoodie_Black_2_back_600x.jpg?v=1762259464
NUDE-PROJECT,Sin clasificar,Sudaderas,Beast Zip-up Hoodie Grey Melange,99.0,https://nude-project.com/es/collections/sudaderas/products/beast-zipper-grey-melange-fw25,https://nude-project.com/cdn/shop/files/Beast_Zup-up_Grey_Back_600x.png?v=1758041749
NUDE-PROJECT,Sin clasificar,Sudaderas,Sudadera Con Cremallera Beast Gris Oscuro,99.0,https://nude-project.com/es/collections/sudaderas/products/sudadera-con-cremallera-beast-gris-oscuro,https://nude-project.com/cdn/shop/files/BEAST_ZIP-UP_HOODIE_ASH_back_8551e636-8765-48f6-aaa6-e9fce22810f6_back_600x.jpg?v=1762276259
NUDE-PROJECT,Sin clasificar,Sudaderas,Sudadera Sin Capucha Global Soon Negro,79.0,https://nude-project.com/es/collections/sudaderas/products/sudadera-sin-capucha-global-soon-negro,https://nude-project.com/cdn/shop/files/GLOBAL_SOON_CREWNECK_BLACK_front_a273c749-9d6e-4a45-824c-1d7c89b25019_back_600x.jpg?v=1762258630
NUDE-PROJECT,Sin clasificar,Sudaderas,Sudadera Nude Tour Negro Oscuro,89.0,https://nude-project.com/es/collections/sudaderas/products/sudadera-nude-tour-negro-oscuro,https://nude-project.com/cdn/shop/files/Nude_Tour_Black_new_back_600x.png?v=1762259181
NUDE-PROJECT,Sin clasificar,Sudaderas,Sudadera Nude Tour Blanco Crema,89.0,https://nude-project.com/es/collections/sudaderas/products/sudadera-nude-tour-blanco-crema-1,https://nude-project.com/cdn/shop/files/Nude_Tour_Hoddie_Marsh_Back_600x.jpg?v=1755692572
NUDE-PROJECT,Sin clasificar,Sudaderas,Bunny Zip-Up Hoodie Pink,109.0,https://nude-project.com/es/collections/sudaderas/products/mirror-zipper-pink,https://nude-project.com/cdn/shop/files/1front_de07ee8d-df43-435b-a246-d43b475ebebd_600x.jpg?v=1764937385
NUDE-PROJECT,Sin clasificar,Sudaderas,Bunny Zip-Up Hoodie Black,109.0,https://nude-project.com/es/collections/sudaderas/products/mirror-zipper-black,https://nude-project.com/cdn/shop/files/3front_1adcd1d3-9a4c-4c47-a80f-42c838205eda_600x.jpg?v=1764937388
NUDE-PROJECT,Sin clasificar,Sudaderas,Moonlight Sweatshirt Baby Ash,89.0,https://nude-project.com/es/collections/sudaderas/products/silueta-crewneck-ash,https://nude-project.com/cdn/shop/files/sudadera_back_ash_e8ab2376-757f-4565-8a49-c4b1418c8229_600x.jpg?v=1765476467
NUDE-PROJECT,Sin clasificar,Sudaderas,Moonlight Sweatshirt Baby Blue,89.0,https://nude-project.com/es/collections/sudaderas/products/silueta-crewneck-blue,https://nude-project.com/cdn/shop/files/sudadera_celeste_back_600x.jpg?v=1765301604
NUDE-PROJECT,Sin clasificar,Sudaderas,Sport Quarter-Zip Marshmallow,89.0,https://nude-project.com/es/collections/sudaderas/products/sport-halfzip-marshmallow,https://nude-project.com/cdn/shop/files/3_d344a680-02ef-4b62-9f04-1c2aeca9b132_front_600x.jpg?v=1762256727
NUDE-PROJECT,Sin clasificar,Sudaderas,Play With Logo Hoodie Marshmallow,89.0,https://nude-project.com/es/collections/sudaderas/products/play-with-logo-hood-marshmallow,https://nude-project.com/cdn/shop/files/2back_6f48a9d2-4add-4b3a-8335-8237bd169c4f_600x.jpg?v=1767799165
NUDE-PROJECT,Sin clasificar,Sudaderas,Play With Logo Hoodie Black,89.0,https://nude-project.com/es/collections/sudaderas/products/play-with-logo-hood-black,https://nude-project.com/cdn/shop/files/KARMA_HOOD_ASH_back_bdccb35e-4cc4-46a6-88fe-35cadd7e89f4_600x.jpg?v=1768211507
NUDE-PROJECT,Sin clasificar,Sudaderas,Playboy Print Hoodie Marshmallow,99.0,https://nude-project.com/es/collections/sudaderas/products/printed-aop-bunny-hoodie-color-1,https://nude-project.com/cdn/shop/files/3front_00a332be-a9fa-4943-a3a0-6ec120cab864_600x.jpg?v=1764937285
NUDE-PROJECT,Sin clasificar,Sudaderas,Playboy Print Hoodie Ash,99.0,https://nude-project.com/es/collections/sudaderas/products/printed-aop-bunny-hoodie-color-2,https://nude-project.com/cdn/shop/files/1front_9568babb-8347-4e2a-b914-116b8f0d83bc_600x.jpg?v=1764937302
NUDE-PROJECT,Sin clasificar,Sudaderas,Garden Hoodie Marshmallow,89.0,https://nude-project.com/es/collections/sudaderas/products/garden-hoodie-marshmallow,https://nude-project.com/cdn/shop/files/GardenHoodieMarshmallow_2_back_600x.jpg?v=1762257957
NUDE-PROJECT,Sin clasificar,Sudaderas,Sudadera Con Cremallera Global Soon Gris Oscuro,99.0,https://nude-project.com/es/collections/sudaderas/products/sudadera-con-cremallera-global-soon-gris-oscuro,https://nude-project.com/cdn/shop/files/GLOBAL_SOON_ZIP-UP_HOODIE_ASH_back_600x.jpg?v=1756141516
NUDE-PROJECT,Sin clasificar,Sudaderas,Cult Hoodie Marshmallow,89.0,https://nude-project.com/es/collections/sudaderas/products/cult-hood-fw25-marshmallow,https://nude-project.com/cdn/shop/files/CultHoodieMarsh_BACK_993a55d0-7af5-431d-b84c-e144b949c14f_back_600x.jpg?v=1762258559
NUDE-PROJECT,Sin clasificar,Sudaderas,Cult Hoodie Green,89.0,https://nude-project.com/es/collections/sudaderas/products/cult-hood-fw25-green,https://nude-project.com/cdn/shop/files/CultHoodieGreen_new_back_600x.jpg?v=1762258550
NUDE-PROJECT,Sin clasificar,Sudaderas,Sudadera Ladder Figue,89.0,https://nude-project.com/es/collections/sudaderas/products/sudadera-ladder-figue,https://nude-project.com/cdn/shop/files/LadderHoodieFigue_back_600x.jpg?v=1757324192
NUDE-PROJECT,Sin clasificar,Sudaderas,Kory Boxy Hoodie Black,89.0,https://nude-project.com/es/collections/sudaderas/products/kory-hood-fw25-black,https://nude-project.com/cdn/shop/files/KORY_BLACK_new_back_600x.jpg?v=1762258869
NUDE-PROJECT,Sin clasificar,Sudaderas,Seoul Hoodie Brown,89.0,https://nude-project.com/es/collections/sudaderas/products/seoul-hood-fw25-new-color-1,https://nude-project.com/cdn/shop/files/SEOUL2.0_HOODIE_CHOCOLATE_BACK_9a6fbb0c-7449-43d5-b1fa-e4068ab30ab6_back_600x.jpg?v=1762258937
NUDE-PROJECT,Sin clasificar,Sudaderas,Gravity Zip-Up Hoodie Burgundy,99.0,https://nude-project.com/es/collections/sudaderas/products/cosmo-zipper-beaujolais,https://nude-project.com/cdn/shop/files/COSMOZIPPERBEAUJOLAIS_1_front_600x.jpg?v=1762257637
NUDE-PROJECT,Sin clasificar,Sudaderas,Ski Club Quarter-Zip Red,99.0,https://nude-project.com/es/collections/sudaderas/products/pinpin-zip-up-salsa,https://nude-project.com/cdn/shop/files/1front_756f0817-c21d-4c33-899b-20c3ab994150_600x.jpg?v=1764936534
NUDE-PROJECT,Sin clasificar,Sudaderas,Ski Club Quarter-Zip Navy,99.0,https://nude-project.com/es/collections/sudaderas/products/pinpin-zip-up-navy,https://nude-project.com/cdn/shop/files/Front_Sudadera_600x.jpg?v=1765301444
NUDE-PROJECT,Sin clasificar,Sudaderas,Sudadera Origins Blanco Crema,69.0,https://nude-project.com/es/collections/sudaderas/products/sudadera-origins-blanco-crema-2,https://nude-project.com/cdn/shop/files/Origins_Hoodie_Marsh_Front_8d0f3ad1-55dd-4f89-b223-b30cbf0566eb_front_600x.jpg?v=1762276512
NUDE-PROJECT,Sin clasificar,Sudaderas,Sudadera Origins Negra,69.0,https://nude-project.com/es/collections/sudaderas/products/sudadera-origins-negra-2,https://nude-project.com/cdn/shop/files/HOODIE_BLACK_FRONT_976f9018-cfd9-4253-aeb3-cfcb5fb2983d_front_600x.jpg?v=1762276501
NUDE-PROJECT,Sin clasificar,Sudaderas,Teddy Hood Marshmallow,89.0,https://nude-project.com/es/collections/sudaderas/products/winnie-hood-marshmallow,https://nude-project.com/cdn/shop/files/1234_172498ae-2657-4015-ade3-b496c132a389_front_600x.jpg?v=1762257728
NUDE-PROJECT,Sin clasificar,Sudaderas,Teddy Hood Navy,89.0,https://nude-project.com/es/collections/sudaderas/products/winnie-hood-navy,https://nude-project.com/cdn/shop/files/WINNIEHOODNAVY_1_front_600x.jpg?v=1762257669
NUDE-PROJECT,Sin clasificar,Sudaderas,Global Soon Zip-Up Hoodie Black,99.0,https://nude-project.com/es/collections/sudaderas/products/globally-zip-up-black,https://nude-project.com/cdn/shop/files/Global_Ash_new_back_600x.jpg?v=1762258708
NUDE-PROJECT,Sin clasificar,Sudaderas,Cult Sweatshirt Black,79.0,https://nude-project.com/es/collections/sudaderas/products/cult-crewneck-fw25-black,https://nude-project.com/cdn/shop/files/CultSweatshirtBlack_new_back_600x.jpg?v=1762258494
NUDE-PROJECT,Sin clasificar,Sudaderas,Cult Sweatshirt Marshmallow,79.0,https://nude-project.com/es/collections/sudaderas/products/cult-crewneck-fw25-marshmallow,https://nude-project.com/cdn/shop/files/CultHoodieMarsh_new_back_600x.jpg?v=1762258470
NUDE-PROJECT,Sin clasificar,Sudaderas,Origins Quarter-Zip Green,79.0,https://nude-project.com/es/collections/sudaderas/products/sella-fw25-half-zip-terra-green,https://nude-project.com/cdn/shop/files/SELLAFW25HALF-ZIPTERRAGREEN_front_600x.jpg?v=1759761872
NUDE-PROJECT,Sin clasificar,Sudaderas,Quarter Zip Origins Blanco Crema,79.0,https://nude-project.com/es/collections/sudaderas/products/quarter-zip-origins-blanco-crema-1,https://nude-project.com/cdn/shop/files/Origins_Half-zip_Front_600x.jpg?v=1755003573
NUDE-PROJECT,Sin clasificar,Sudaderas,Sudadera Con Cremallera Essentials Gris,79.0,https://nude-project.com/es/collections/sudaderas/products/sudadera-con-cremallera-essentials-gris,https://nude-project.com/cdn/shop/files/ESSENTIALS_ZIPPER_GREY_MELANGE_front_600x.jpg?v=1756307729
NUDE-PROJECT,Sin clasificar,Sudaderas,Essentials Sweatshirt Black,59.0,https://nude-project.com/es/collections/sudaderas/products/essential-crewneck-black,https://nude-project.com/cdn/shop/files/ESSENTIALS_CREWNECK_BLACK_front_3afaca03-13bd-4cdb-940a-0427edbfa2ca_front_600x.jpg?v=1762258312
NUDE-PROJECT,Sin clasificar,Sudaderas,Essentials Zip-Up Hoodie Black,79.0,https://nude-project.com/es/collections/sudaderas/products/essential-zip-up-black,https://nude-project.com/cdn/shop/files/ESSENTIALS_ZIPPER_BLACK_front_600x.jpg?v=1756307736
NUDE-PROJECT,Sin clasificar,Sudaderas,Quarter Zip Origins Negro,79.0,https://nude-project.com/es/collections/sudaderas/products/quarter-zip-origins-negro-2,https://nude-project.com/cdn/shop/files/ORIGINSQUARTERZIPBLACK_front_f29abf81-b32b-4bdf-bb18-7e2e59d13b3c_600x.jpg?v=1754852169
NUDE-PROJECT,Sin clasificar,Sudaderas,Cult Hoodie Black,89.0,https://nude-project.com/es/collections/sudaderas/products/cult-hood-fw25-black,https://nude-project.com/cdn/shop/files/CultHoodieGreen_BACK_5f3be6e6-ce93-46d3-90c8-90e2c6564156_back_600x.jpg?v=1762258592
NUDE-PROJECT,Sin clasificar,Sudaderas,Bear Hoodie Brown,89.0,https://nude-project.com/es/collections/sudaderas/products/bear-ink-hood-color-1,https://nude-project.com/cdn/shop/files/2_7e68d771-3966-4707-ac9a-557ad90b2674_back_600x.jpg?v=1762338815
NUDE-PROJECT,Sin clasificar,Camisetas,Camiseta Tennis Gris Oscuro,49.0,https://nude-project.com/es/collections/camisetas/products/camiseta-tennis-gris-oscuro,https://nude-project.com/cdn/shop/files/TENNISTEEBLACKback_9e8043ad-943b-4c17-b058-bb25f213ec50_back_600x.jpg?v=1756285478
NUDE-PROJECT,Sin clasificar,Camisetas,Camiseta Tennis Blanca,49.0,https://nude-project.com/es/collections/camisetas/products/camiseta-blanca-tennis,https://nude-project.com/cdn/shop/files/TENNISTEEWHITEback_7df7f175-138d-474c-adb4-758ccb76995b_back_600x.jpg?v=1756285472
NUDE-PROJECT,Sin clasificar,Camisetas,Camiseta Juicy Cherry Negra,49.0,https://nude-project.com/es/collections/camisetas/products/camiseta-juicy-cherry-negra,https://nude-project.com/cdn/shop/files/JUICY_CHERRY_TEE_BLACK_back_600x.jpg?v=1756805730
NUDE-PROJECT,Sin clasificar,Camisetas,Camiseta Juicy Cherry Blanca,49.0,https://nude-project.com/es/collections/camisetas/products/camiseta-juicy-cherry-blanca,https://nude-project.com/cdn/shop/files/JUICY_CHERRY_TEE_WHITE_back_600x.jpg?v=1756284917
NUDE-PROJECT,Sin clasificar,Camisetas,Camiseta Xoxo Gris Oscuro,49.0,https://nude-project.com/es/collections/camisetas/products/camiseta-xoxo-gris-oscuro,https://nude-project.com/cdn/shop/files/Xoxo_Tee_AshXoxo_Tee_Ash_3_back_600x.jpg?v=1762257593
NUDE-PROJECT,Sin clasificar,Camisetas,Camiseta Xoxo Blanco Crema,49.0,https://nude-project.com/es/collections/camisetas/products/camiseta-xoxo-blanco-crema,https://nude-project.com/cdn/shop/files/Xoxo_Tee_Marshmallow_back_600x.jpg?v=1756284093
NUDE-PROJECT,Sin clasificar,Camisetas,Duo Tee White,59.0,https://nude-project.com/es/collections/camisetas/products/pamela-tee-white,https://nude-project.com/cdn/shop/files/16back_600x.jpg?v=1764935735
NUDE-PROJECT,Sin clasificar,Camisetas,Duo Tee Navy,59.0,https://nude-project.com/es/collections/camisetas/products/pamela-tee-navy,https://nude-project.com/cdn/shop/files/14back_89ab3166-ec61-422d-99aa-d7685ddba3ef_600x.jpg?v=1764935835
NUDE-PROJECT,Sin clasificar,Camisetas,Camiseta Nude Tour Negra,49.0,https://nude-project.com/es/collections/camisetas/products/camiseta-nude-tour-negra,https://nude-project.com/cdn/shop/files/Nude_Tour_Black__back_3b996d84-5ed5-48ea-8d95-211228ca033e_600x.png?v=1762255207
NUDE-PROJECT,Sin clasificar,Camisetas,Camiseta Nude Tour Blanca,49.0,https://nude-project.com/es/collections/camisetas/products/camiseta-nude-tour-blanca-1,https://nude-project.com/cdn/shop/files/Nude_Tour_Tee_White_back_600x.png?v=1762255172
NUDE-PROJECT,Sin clasificar,Camisetas,Camiseta Peach Blanca,49.0,https://nude-project.com/es/collections/camisetas/products/camiseta-blanca-peach,https://nude-project.com/cdn/shop/files/25_4a500347-dbec-4865-857b-535556f8af34_back_600x.jpg?v=1756285504
NUDE-PROJECT,Sin clasificar,Camisetas,Camiseta Peach Azul Marino,49.0,https://nude-project.com/es/collections/camisetas/products/camiseta-azul-marino-peach,https://nude-project.com/cdn/shop/files/28_62d397b3-13c6-4795-b1f0-b7a3e177f4a0_back_600x.jpg?v=1756285499
NUDE-PROJECT,Sin clasificar,Camisetas,Camiseta Cherry Logo Negra,49.0,https://nude-project.com/es/collections/camisetas/products/camiseta-cherry-logo-negra,https://nude-project.com/cdn/shop/files/MOTTO_TEE_WASHED_BLACK_back_600x.jpg?v=1756283669
NUDE-PROJECT,Sin clasificar,Camisetas,Camiseta Global Soon Gris Oscuro,49.0,https://nude-project.com/es/collections/camisetas/products/camiseta-global-soon-gris-oscuro-1,https://nude-project.com/cdn/shop/files/GlobalSoonTeeAsh_back_600x.jpg?v=1756314978
NUDE-PROJECT,Sin clasificar,Camisetas,Global Soon Tee White,49.0,https://nude-project.com/es/collections/camisetas/products/globally-tee-white,https://nude-project.com/cdn/shop/files/HAPPY_CULT_TEE_WHITE_back_142204e0-0de2-431f-8b8c-39e172dfbe99_600x.jpg?v=1756137737
NUDE-PROJECT,Sin clasificar,Camisetas,Big Bunny Tee Brown,59.0,https://nude-project.com/es/collections/camisetas/products/conejon-tee-chocolate,https://nude-project.com/cdn/shop/files/Camiseta_brown_front_600x.jpg?v=1765301017
NUDE-PROJECT,Sin clasificar,Camisetas,Big Bunny Tee Red,59.0,https://nude-project.com/es/collections/camisetas/products/conejon-tee-salsa,https://nude-project.com/cdn/shop/files/Red_Tee_Front_600x.jpg?v=1765301558
NUDE-PROJECT,Sin clasificar,Camisetas,Monroe Tee Chocolate,59.0,https://nude-project.com/es/collections/camisetas/products/monroe-tee-chocolate,https://nude-project.com/cdn/shop/files/8back_600x.jpg?v=1764935763
NUDE-PROJECT,Sin clasificar,Camisetas,Monroe Tee White,59.0,https://nude-project.com/es/collections/camisetas/products/monroe-tee-white,https://nude-project.com/cdn/shop/files/10back_600x.jpg?v=1764935769
NUDE-PROJECT,Sin clasificar,Camisetas,Camiseta de Manga Larga MontBlanc Roja,89.0,https://nude-project.com/es/collections/camisetas/products/camiseta-de-manga-larga-montblanc-roja,https://nude-project.com/cdn/shop/files/3front_f4b5584c-9846-40c6-9924-9618cde15339_600x.jpg?v=1764935576
NUDE-PROJECT,Sin clasificar,Camisetas,Camiseta de Manga Larga MontBlanc Azul Marino,89.0,https://nude-project.com/es/collections/camisetas/products/camiseta-de-manga-larga-montblanc-azul-marino,https://nude-project.com/cdn/shop/files/1front_688d7c02-25e8-4466-bd77-cc93489c1ffe_600x.jpg?v=1764935506
NUDE-PROJECT,Sin clasificar,Camisetas,Cover Long-Sleeve Tee,69.0,https://nude-project.com/es/collections/camisetas/products/playboy-l-s-tee-model-1,https://nude-project.com/cdn/shop/files/2back_36d90317-4f9a-471e-9647-4f56c74a49f2_600x.jpg?v=1764935888
NUDE-PROJECT,Sin clasificar,Camisetas,Camiseta Manga Larga Side-Eye,59.0,https://nude-project.com/es/collections/camisetas/products/camiseta-manga-larga-side-eye,https://nude-project.com/cdn/shop/files/FACETEECOLORwhiteAUDREYTEE_2_front_5ef1a8f9-bb9b-402b-9bf5-524e95a698bb_600x.jpg?v=1765535858
NUDE-PROJECT,Sin clasificar,Camisetas,Camiseta Hot Azul Marino,49.0,https://nude-project.com/es/collections/camisetas/products/camiseta-hot-azul-marino,https://nude-project.com/cdn/shop/files/TEDDY_BEAR_TEE_NAVY_back_636292f1-115f-407d-a287-ab70d23ea700_600x.jpg?v=1756285312
NUDE-PROJECT,Sin clasificar,Camisetas,Basic Football Tee Red,79.0,https://nude-project.com/es/collections/camisetas/products/basic-football-tee-red,https://nude-project.com/cdn/shop/files/3_401a9835-457e-4815-8a6e_front_600x.jpg?v=1762255831
NUDE-PROJECT,Sin clasificar,Camisetas,Basic Football Tee Green,79.0,https://nude-project.com/es/collections/camisetas/products/basic-football-tee-terra-green,https://nude-project.com/cdn/shop/files/1_5d23d613-1e0e-4e65_front_600x.jpg?v=1762255777
NUDE-PROJECT,Sin clasificar,Camisetas,Camiseta Gilda Blanca,49.0,https://nude-project.com/es/collections/camisetas/products/camiseta-gilda-blanca,https://nude-project.com/cdn/shop/files/GILDA_TEE_WHITE_back_600x.jpg?v=1756284538
NUDE-PROJECT,Sin clasificar,Camisetas,Camiseta Mansion Blanco Crema,49.0,https://nude-project.com/es/collections/camisetas/products/camiseta-mansion-blanco-crema,https://nude-project.com/cdn/shop/files/MANSION_TEE_WHITE_2_back_600x.jpg?v=1762256723
NUDE-PROJECT,Sin clasificar,Camisetas,Camiseta House Rules,49.0,https://nude-project.com/es/collections/camisetas/products/camiseta-house-rules,https://nude-project.com/cdn/shop/files/RULES_TEE_WHITE_2_back_600x.jpg?v=1762256822
NUDE-PROJECT,Sin clasificar,Camisetas,Camiseta Mi Amor Blanca,49.0,https://nude-project.com/es/collections/camisetas/products/camiseta-mi-amor-blanca,https://nude-project.com/cdn/shop/files/MI_AMOR_TEE_WHITE_2_back_600x.jpg?v=1762257418
NUDE-PROJECT,Sin clasificar,Camisetas,Origins Tee Marshmallow,39.0,https://nude-project.com/es/collections/camisetas/products/sella-fw25-tee-marshmallow,https://nude-project.com/cdn/shop/files/Origins_Tee_Marsh__front_600x.jpg?v=1762257077
NUDE-PROJECT,Sin clasificar,Camisetas,Camiseta Origins Negra,39.0,https://nude-project.com/es/collections/camisetas/products/camiseta-origins-negra-2,https://nude-project.com/cdn/shop/files/ORIGINS_TEE_BLACK_front_6ea47f02-cd6f-4f79-8626-1f2bd0316be1_600x.jpg?v=1757347965
NUDE-PROJECT,Sin clasificar,Camisetas,Pack De 3 Camisetas Básicas Blancas,59.0,https://nude-project.com/es/collections/camisetas/products/3-pack-basic-tee-white-ss25-new-fit,https://nude-project.com/cdn/shop/files/3_PACK_WHITE_BASIC_TEE_front_600x.png?v=1756975076
NUDE-PROJECT,Sin clasificar,Camisetas,Pack De 3 Camisetas Básicas Negras,59.0,https://nude-project.com/es/collections/camisetas/products/pack-de-3-camisetas-basicas-negras,https://nude-project.com/cdn/shop/files/3PACKBLACKBASICTEE_front_600x.png?v=1762258447
NUDE-PROJECT,Sin clasificar,Camisetas,Pack De 3 Camisetas Básicas Brand Palette,59.0,https://nude-project.com/es/collections/camisetas/products/pack-de-3-camisetas-basicas-everyday-palette-1,https://nude-project.com/cdn/shop/files/Basic_Tee_Brand_Palette_3xPack_front_600x.jpg?v=1762258500
NUDE-PROJECT,Sin clasificar,Camisetas,Camiseta Homies <3 Roja,49.0,https://nude-project.com/es/collections/camisetas/products/camiseta-homies-3-roja,https://nude-project.com/cdn/shop/files/KISS_YOUR_HOMMIES_RED_1_600x.jpg?v=1755775344
NUDE-PROJECT,Sin clasificar,Camisetas,Camiseta Flag Blanca,49.0,https://nude-project.com/es/collections/camisetas/products/camiseta-flag-blanca,https://nude-project.com/cdn/shop/files/DRAPEAU_TEE_WHITE_2_front_600x.jpg?v=1762257041
NUDE-PROJECT,Sin clasificar,Camisetas,Camiseta Locally Hated Cherry Roja,49.0,https://nude-project.com/es/collections/camisetas/products/camiseta-locally-hated-cherry-roja,https://nude-project.com/cdn/shop/files/LOCALLY_CHERRY_RED_back_600x.jpg?v=1755775899
NUDE-PROJECT,Sin clasificar,Camisetas,Camiseta Hot Blanca,49.0,https://nude-project.com/es/collections/camisetas/products/camiseta-hot-blanca,https://nude-project.com/cdn/shop/files/TEDDY_BEAR_TEE_WHITE__back_47edb906-897d-4a27-b10d-b89e2b78a6ff_600x.jpg?v=1762258660
NUDE-PROJECT,Sin clasificar,Camisetas,Camiseta Manga Larga Hanami Azul,59.0,https://nude-project.com/es/collections/camisetas/products/camiseta-manga-larga-hanami-azul,https://nude-project.com/cdn/shop/files/5_4b368b09-6376-478f-ace4-e746d1faf5b2_front_600x.jpg?v=1762334572
NUDE-PROJECT,Sin clasificar,Camisetas,Camiseta Manga Larga Hanami Marrón,59.0,https://nude-project.com/es/collections/camisetas/products/camiseta-manga-larga-hanami-marron,https://nude-project.com/cdn/shop/files/7_d8082623-8d6f-4142-8898-002af7ffc39c_front_600x.jpg?v=1762334661
NUDE-PROJECT,Sin clasificar,Camisetas,Honor Tee Marshmallow,49.0,https://nude-project.com/es/collections/camisetas/products/macro-escudo-np-tee-color-2,https://nude-project.com/cdn/shop/files/20_9ae90e40-ab56-493d-ba4f-fee79a0da6c1_back_600x.jpg?v=1763218126
NUDE-PROJECT,Sin clasificar,Camisetas,Leisure Tee White,49.0,https://nude-project.com/es/collections/camisetas/products/bodegon-tee-white,https://nude-project.com/cdn/shop/files/2_d0717aa4-dbec-423e-84c7-cc85c8ae7cc4_back_600x.jpg?v=1762332442
NUDE-PROJECT,Sin clasificar,Camisetas,Leisure Tee Black,49.0,https://nude-project.com/es/collections/camisetas/products/bodegon-tee-black,https://nude-project.com/cdn/shop/files/4_6847b6de-af94-47aa-8fe9-85661d108767_back_600x.jpg?v=1762332579
NUDE-PROJECT,Sin clasificar,Camisetas,Rrari Tee Black,49.0,https://nude-project.com/es/collections/camisetas/products/brutus-tee-black,https://nude-project.com/cdn/shop/files/BRUTUSTEE_2_back_600x.jpg?v=1762254515
NUDE-PROJECT,Sin clasificar,Camisetas,Rrari Tee White,49.0,https://nude-project.com/es/collections/camisetas/products/brutus-tee-white,https://nude-project.com/cdn/shop/files/BRUTUSTEEBLACK_2_back_600x.jpg?v=1762254554
NUDE-PROJECT,Sin clasificar,Camisetas,Special Guest Tee Black,49.0,https://nude-project.com/es/collections/camisetas/products/special-guest-tee-black,https://nude-project.com/cdn/shop/files/SPECIALGUESTTEEWHITE_2_a206e0e3-fee8-4f4d-be21-59e3be4f333f_back_600x.jpg?v=1762254317
NUDE-PROJECT,Sin clasificar,Camisetas,Chamonix Tee Navy,49.0,https://nude-project.com/es/collections/camisetas/products/chamonix-tee-navy,https://nude-project.com/cdn/shop/files/back_bb4d143f-5d17-46ef-ad02-c54362c200ed_600x.png?v=1762881563
NUDE-PROJECT,Sin clasificar,Pantalones,Sinner Tracksuit Pants,129.0,https://nude-project.com/es/collections/pantalones/products/emilio-trucksuit-pant,https://nude-project.com/cdn/shop/files/1front_dde67e46-2251-4cc2-a7f4-ccfa628dfe5a_600x.jpg?v=1764936057
NUDE-PROJECT,Sin clasificar,Pantalones,Pantalones Playmate,129.0,https://nude-project.com/es/collections/pantalones/products/pantalones-playmate,https://nude-project.com/cdn/shop/files/5front_7aa33638-2b95-4549-97e0-46d744f515cf_600x.jpg?v=1764936892
NUDE-PROJECT,Sin clasificar,Pantalones,Pantalón Chino Vinyl Beige,99.0,https://nude-project.com/es/collections/pantalones/products/pantalon-chino-vinyl-beige-1,https://nude-project.com/cdn/shop/files/3_fafffaa3-c96e-4dea-9e43-25cd07ba95d7_front_600x.jpg?v=1762256174
NUDE-PROJECT,Sin clasificar,Pantalones,Pantalón Chino Vinyl Negro,99.0,https://nude-project.com/es/collections/pantalones/products/pantalon-chino-vinyl-negro,https://nude-project.com/cdn/shop/files/1_622a1b52-3ffe-4c3a-88a1-817fad12223f_front_600x.jpg?v=1762256166
NUDE-PROJECT,Sin clasificar,Pantalones,Pantalón Chino Vinyl Burdeos,99.0,https://nude-project.com/es/collections/pantalones/products/pantalon-chino-vinyl-burdeos,https://nude-project.com/cdn/shop/files/5_04865475-c327-41c3-8b13-5f4396b6aa99_front_600x.jpg?v=1762256170
NUDE-PROJECT,Sin clasificar,Pantalones,Essentials Sweatpants Black,59.0,https://nude-project.com/es/collections/pantalones/products/essential-pants-black,https://nude-project.com/cdn/shop/files/ESSENTIALS_SWEATPANTS_BLACK_front_08f91886-0e8c-43fb-9e43-8a9bea8d0d73_600x.jpg?v=1756309008
GODS-BRAND,Sin clasificar,Camisetas,Valentine'S Tee Black,36.0,https://www.gods-brand.com/products/valentines-tee-black-1,
GODS-BRAND,Sin clasificar,Camisetas,Valentine'S Tee Monochrome White,36.0,https://www.gods-brand.com/products/valentines-tee-monochrome-white-1,
GODS-BRAND,Sin clasificar,Camisetas,Valentine'S Tee Rose,38.25,https://www.gods-brand.com/products/valentines-tee-rose-2,
GODS-BRAND,Sin clasificar,Camisetas,Godsbrand Boxy Tee Light Grey,38.25,https://www.gods-brand.com/products/godsbrand-tee-light-grey,
GODS-BRAND,Sin clasificar,Camisetas,Motor Boxy Tee Black,29.25,https://www.gods-brand.com/products/motor-tee-black,
GODS-BRAND,Sin clasificar,Camisetas,Ayr Boxy Tee Navy,29.25,https://www.gods-brand.com/products/ayr-tee-navy,
GODS-BRAND,Sin clasificar,Camisetas,(No) Filter Tee White,31.5,https://www.gods-brand.com/products/no-filter-tee-white,
GODS-BRAND,Sin clasificar,Camisetas,Strong Brew Tee Grey,31.5,https://www.gods-brand.com/products/strong-brew-tee-grey,
GODS-BRAND,Sin clasificar,Camisetas,Sports School Usa Boxy Tee Brown,31.5,https://www.gods-brand.com/products/sport-school-usa-tee-brown,
GODS-BRAND,Sin clasificar,Camisetas,Sports School Usa Boxy Tee Grey,31.5,https://www.gods-brand.com/products/sport-school-usa-tee-grey-melange,
GODS-BRAND,Sin clasificar,Camisetas,Coffee Break Tee Brown,31.5,https://www.gods-brand.com/products/coffe-break-tee-brown,
GODS-BRAND,Sin clasificar,Camisetas,Iced Heart Tee Black,31.5,https://www.gods-brand.com/products/iced-heart-tee-black-reorder,
GODS-BRAND,Sin clasificar,Camisetas,Iced Heart Tee Cream,31.5,https://www.gods-brand.com/products/iced-heart-tee-white-reorder,
GODS-BRAND,Sin clasificar,Camisetas,Racer Boxy Tee White,33.75,https://www.gods-brand.com/products/racer-boxy-tee-white,
GODS-BRAND,Sin clasificar,Camisetas,Classic Boxy Tee Dark Grey,31.5,https://www.gods-brand.com/products/classic-boxy-tee-dark-grey,
GODS-BRAND,Sin clasificar,Camisetas,Winners Club Boxy Tee Cream,31.5,https://www.gods-brand.com/products/winners-club-tee-cream,
GODS-BRAND,Sin clasificar,Camisetas,Wam? Tee Sky Blue,29.25,https://www.gods-brand.com/products/wam-tee-sky-blue,
GODS-BRAND,Sin clasificar,Camisetas,Signature Tee Sky Blue,31.5,https://www.gods-brand.com/products/signature-tee-sky-blue,
GODS-BRAND,Sin clasificar,Camisetas,Lover's Tee Rose,60.0,https://www.gods-brand.com/products/lovers-tee-rose,
GODS-BRAND,Sin clasificar,Camisetas,10 Boxy Tee White,10.0,https://www.gods-brand.com/products/10-tee-white,
GODS-BRAND,Sin clasificar,Camisetas,Winners Club Boxy Tee Red,31.5,https://www.gods-brand.com/products/winners-club-tee-red,
GODS-BRAND,Sin clasificar,Camisetas,Valentine'S Tee Cream,31.5,https://www.gods-brand.com/products/valentines-tee-cream,
GODS-BRAND,Sin clasificar,Camisetas,Valentine'S Tee Grey,45.0,https://www.gods-brand.com/products/valentines-tee-grey-1,
GODS-BRAND,Sin clasificar,Camisetas,Star Boxy Tee Green,45.0,https://www.gods-brand.com/products/star-boxy-tee-green,
GODS-BRAND,Sin clasificar,Camisetas,Ice Cube Tee Blue,45.0,https://www.gods-brand.com/products/iced-tee-navy,
GODS-BRAND,Sin clasificar,Camisetas,Star Boxy Tee Cream,45.0,https://www.gods-brand.com/products/star-tee-cream,
GODS-BRAND,Sin clasificar,Camisetas,Star Boxy Tee Dark Grey,45.0,https://www.gods-brand.com/products/star-tee-grey,
GODS-BRAND,Sin clasificar,Camisetas,Valentine'S Tee White-Red,36.0,https://www.gods-brand.com/products/valentines-tee-white,
GODS-BRAND,Sin clasificar,Camisetas,Star Boxy Tee Light Grey,31.5,https://www.gods-brand.com/products/star-boxy-tee-light-grey,
GODS-BRAND,Sin clasificar,Camisetas,Iced Heart Tee Navy,45.0,https://www.gods-brand.com/products/iced-heart-tee-navy-reorder,
GODS-BRAND,Sin clasificar,Camisetas,10 Boxy Tee Blue Grey,10.0,https://www.gods-brand.com/products/10-tee-black,
GODS-BRAND,Sin clasificar,Camisetas,Ice Cube Tee White,36.0,https://www.gods-brand.com/products/ice-cube-tee-white,
GODS-BRAND,Sin clasificar,Camisetas,Star Boxy Tee White,31.5,https://www.gods-brand.com/products/star-boxy-tee-white-copia,
GODS-BRAND,Sin clasificar,Camisetas,Star Boxy Tee Navy,31.5,https://www.gods-brand.com/products/star-boxy-tee-navy-1,
GODS-BRAND,Sin clasificar,Sudaderas,FG Zipper Red,69.7,https://www.gods-brand.com/products/fg-zipper-red,
GODS-BRAND,Sin clasificar,Sudaderas,FG Zipper Black,69.7,https://www.gods-brand.com/products/fg-zipper-black,
GODS-BRAND,Sin clasificar,Sudaderas,FG Zipper Light Cream,69.7,https://www.gods-brand.com/products/fg-zipper-light-grey,
GODS-BRAND,Sin clasificar,Sudaderas,A New Star Hoodie Black,62.4,https://www.gods-brand.com/products/a-new-star-hoodie-black,
GODS-BRAND,Sin clasificar,Sudaderas,A New Star Hoodie Dark Grey,62.4,https://www.gods-brand.com/products/a-new-star-hoodie-dark-grey,
GODS-BRAND,Sin clasificar,Sudaderas,A New Star Hoodie Light Grey,62.4,https://www.gods-brand.com/products/a-new-star-hoodie-light-grey,
GODS-BRAND,Sin clasificar,Sudaderas,Gods Sports Club Hoodie Black,58.5,https://www.gods-brand.com/products/gods-sports-club-hoodie-black-1,
GODS-BRAND,Sin clasificar,Sudaderas,Gods Sports Club Hoodie Antracite,66.3,https://www.gods-brand.com/products/gods-sports-club-hoodie-dark-grey,
GODS-BRAND,Sin clasificar,Sudaderas,Gods® Brand Sports Club Hoodie Blue,62.4,https://www.gods-brand.com/products/gods%C2%AE-brand-sports-club-hoodie-blue,
GODS-BRAND,Sin clasificar,Sudaderas,Gods® Brand Sports Club Hoodie Green,62.4,https://www.gods-brand.com/products/gods%C2%AE-brand-sports-club-hoodie-green,
GODS-BRAND,Sin clasificar,Sudaderas,Racing Zipper Black,65.6,https://www.gods-brand.com/products/racing-zipper-black,
GODS-BRAND,Sin clasificar,Sudaderas,Racing Zipper Red,65.6,https://www.gods-brand.com/products/racing-zipper-red,
GODS-BRAND,Sin clasificar,Sudaderas,Godsbrand Cropped Hoodie Grey Melange,62.4,https://www.gods-brand.com/products/godsbrand-cropped-hoodie-grey-melange,
GODS-BRAND,Sin clasificar,Sudaderas,Blue Circle Cropped Hoodie Grey,58.5,https://www.gods-brand.com/products/blue-circle-hoodie-grey,
GODS-BRAND,Sin clasificar,Sudaderas,Ayr Cropped Hoodie Navy,66.3,https://www.gods-brand.com/products/ayr-hoodie-navy,
GODS-BRAND,Sin clasificar,Sudaderas,Motor Cropped Hoodie Black,62.4,https://www.gods-brand.com/products/motor-hoodie-black,
GODS-BRAND,Sin clasificar,Sudaderas,Motor Zipper Blue,65.6,https://www.gods-brand.com/products/motor-zipper-blue,
GODS-BRAND,Sin clasificar,Sudaderas,Gods Knitted Zipper Black,71.2,https://www.gods-brand.com/products/gods-knitted-zipper-hoodie-black,
GODS-BRAND,Sin clasificar,Sudaderas,Fg Zipper Rose,69.7,https://www.gods-brand.com/products/fg-zipper-rose1,
GODS-BRAND,Sin clasificar,Sudaderas,Fg Zipper Navy,69.7,https://www.gods-brand.com/products/fg-zipper-navy-bangla,
GODS-BRAND,Sin clasificar,Sudaderas,Fg Zipper Dark Grey,69.7,https://www.gods-brand.com/products/fg-zipper-dark-grey,
GODS-BRAND,Sin clasificar,Sudaderas,Sports Club Gallery Zipper Grey Melange,57.4,https://www.gods-brand.com/products/sports-club-gallery-zipper-grey-melange,
GODS-BRAND,Sin clasificar,Sudaderas,Gods Hoodie Black,54.6,https://www.gods-brand.com/products/gods-hoodie-black,
GODS-BRAND,Sin clasificar,Sudaderas,Imperatore Hoodie Cream,54.6,https://www.gods-brand.com/products/imperatore-hoodie-cream,
GODS-BRAND,Sin clasificar,Sudaderas,Imperatore Hoodie Dark Grey,54.6,https://www.gods-brand.com/products/imperatore-hoodie-dark-grey,
GODS-BRAND,Sin clasificar,Sudaderas,Track Zipper Blue,57.4,https://www.gods-brand.com/products/track-zipper-blue,
GODS-BRAND,Sin clasificar,Sudaderas,Spark Cropped Hoodie Black,78.0,https://www.gods-brand.com/products/spark-cropped-hoodie-black,
GODS-BRAND,Sin clasificar,Sudaderas,Cold Brew Zipper Light Grey,57.4,https://www.gods-brand.com/products/cold-brew-zipper-light-grey,
GODS-BRAND,Sin clasificar,Sudaderas,Gods Hoodie Grey Melange,78.0,https://www.gods-brand.com/products/gods-hoodie-boxy-grey-melange,
GODS-BRAND,Sin clasificar,Sudaderas,Iced Heart Hoodie Black,54.6,https://www.gods-brand.com/products/iced-heart-hoodie-black-1,
GODS-BRAND,Sin clasificar,Sudaderas,Sports Club Hoodie Blue,54.6,https://www.gods-brand.com/products/sports-club-hoodie-blue-1,
GODS-BRAND,Sin clasificar,Sudaderas,Varsity Racing Zipper,57.4,https://www.gods-brand.com/products/varsity-racing-jacket,
GODS-BRAND,Sin clasificar,Sudaderas,Star Zipper Navy,65.6,https://www.gods-brand.com/products/star-zipper-navy,
GODS-BRAND,Sin clasificar,Sudaderas,Star Zipper Black,65.6,https://www.gods-brand.com/products/star-zipper-black,
GODS-BRAND,Sin clasificar,Sudaderas,Signature Washed Hoodie Dark Grey,54.6,https://www.gods-brand.com/products/signature-washed-hoodie-dark-grey,
GODS-BRAND,Sin clasificar,Sudaderas,Imperatore Boxy Hoodie Navy,54.6,https://www.gods-brand.com/products/imperatore-hoodie-navy,
GODS-BRAND,Sin clasificar,Sudaderas,Fg Zipper Green,82.0,https://www.gods-brand.com/products/fg-zipper-green,
GODS-BRAND,Sin clasificar,Sudaderas,Winners Club Cropped Hoodie Navy,54.6,https://www.gods-brand.com/products/winners-club-hoodie-navy,
GODS-BRAND,Sin clasificar,Sudaderas,Winners Club Cropped Hoodie Light Grey,54.6,https://www.gods-brand.com/products/winners-club-hoodie-light-grey,
GODS-BRAND,Sin clasificar,Sudaderas,Midnight Zipper Black,82.0,https://www.gods-brand.com/products/midnight-zipper-black,
GODS-BRAND,Sin clasificar,Sudaderas,Imperatore Zipper Camouflage,57.4,https://www.gods-brand.com/products/imperatore-camouflage-zipper-hoodie,
GODS-BRAND,Sin clasificar,Sudaderas,Fg Sports Zipper Navy,57.4,https://www.gods-brand.com/products/fg-sports-zipper-navy,
GODS-BRAND,Sin clasificar,Sudaderas,Fg Sports Zipper Yellow,82.0,https://www.gods-brand.com/products/fg-sports-zipper-yellow,
GODS-BRAND,Sin clasificar,Sudaderas,Fakegods Hoodie Black,78.0,https://www.gods-brand.com/products/fakegods-boxy-hoodie-black,
GODS-BRAND,Sin clasificar,Sudaderas,Fakegods Hoodie Red,54.6,https://www.gods-brand.com/products/fakegods-boxy-hoodie-red,
GODS-BRAND,Sin clasificar,Sudaderas,Fg School Usa Hoodie Brown,54.6,https://www.gods-brand.com/products/fg-school-usa-hoodie-brown,
GODS-BRAND,Sin clasificar,Sudaderas,Fg Design Zipper Grey Melange,82.0,https://www.gods-brand.com/products/fg-design-zipper-grey-melange,
GODS-BRAND,Sin clasificar,Sudaderas,Signature Zipper Sky Blue,82.0,https://www.gods-brand.com/products/signature-zipper-sky-blue,
GODS-BRAND,Sin clasificar,Sudaderas,Star Hoodie Black,78.0,https://www.gods-brand.com/products/star-hoodie-black1,
GODS-BRAND,Sin clasificar,Sudaderas,Staff Hoodie Black,78.0,https://www.gods-brand.com/products/staff-hoodie-black-1,
GODS-BRAND,Sin clasificar,General,A New Star Joggers Black,58.65,https://www.gods-brand.com/products/a-new-star-joggers-black,
GODS-BRAND,Sin clasificar,General,A New Star Joggers Dark Grey,58.65,https://www.gods-brand.com/products/a-new-star-joggers-dark-grey,
GODS-BRAND,Sin clasificar,General,A New Star Joggers Light Grey,58.65,https://www.gods-brand.com/products/a-new-star-joggers-light-grey,
GODS-BRAND,Sin clasificar,General,Baggy Denim Jeans Dark Grey,75.65,https://www.gods-brand.com/products/baggy-denim-jeans-grey,
GODS-BRAND,Sin clasificar,General,Baggy Denim Jeans Navy,75.65,https://www.gods-brand.com/products/baggy-denim-jeans-navy,
GODS-BRAND,Sin clasificar,General,Handwritten Knitted Joggers Light Grey,50.4,https://www.gods-brand.com/products/handwritten-joggers-light-grey,
GODS-BRAND,Sin clasificar,General,Handwritten Knitted Joggers Navy,61.2,https://www.gods-brand.com/products/handwritten-knitted-joggers-navy,
GODS-BRAND,Sin clasificar,General,Godsbrand Joggers Grey Melange,58.65,https://www.gods-brand.com/products/godsbrand-joggers-grey-melange,
GODS-BRAND,Sin clasificar,General,Cherry Baggy Denim Jeans Navy,62.3,https://www.gods-brand.com/products/cherry-baggy-denim-jeans-navy,
GODS-BRAND,Sin clasificar,General,Camouflage Jeans Military Green,71.2,https://www.gods-brand.com/products/camouflage-jeans-military-green,
GODS-BRAND,Sin clasificar,General,Roast Trousers Brown,62.3,https://www.gods-brand.com/products/roast-trousers-brown,
GODS-BRAND,Sin clasificar,General,Tm Overdyed Denim Trousers Black,79.0,https://www.gods-brand.com/products/tm-denim-trousers-green-1,
GODS-BRAND,Sin clasificar,General,Denim Jorts Blue,65.0,https://www.gods-brand.com/products/raw-edge-denim-shorts-light-green,
GODS-BRAND,Sin clasificar,General,New Identity Joggers Black,65.0,https://www.gods-brand.com/products/new-identity-joggers-black,
GODS-BRAND,Sin clasificar,General,Fakegods Denim Shorts Blue,45.5,https://www.gods-brand.com/products/fakegods-denim-shorts-grey,
